{"cameraMode":{"drawMode":0,"name":"Shaded","section":"Shading Mode"},"sceneLighting":true,"audioPlay":false,"sceneViewState":{"m_AlwaysRefresh":false,"showFog":true,"showSkybox":true,"showFlares":true,"showImageEffects":true,"showParticleSystems":true,"showVisualEffectGraphs":true,"m_FxEnabled":true},"in2DMode":false,"pivot":{"x":-3.1072256565093996,"y":2.443164348602295,"z":19.06399917602539},"rotation":{"x":-0.03178112208843231,"y":-0.017996061593294145,"z":-0.0005711799021810293,"w":0.9993454217910767},"size":14.463676452636719,"orthographic":false}