{"cameraMode":{"drawMode":0,"name":"Shaded","section":"Shading Mode"},"sceneLighting":true,"audioPlay":false,"sceneViewState":{"m_AlwaysRefresh":false,"showFog":true,"showSkybox":true,"showFlares":true,"showImageEffects":true,"showParticleSystems":true,"showVisualEffectGraphs":true,"m_FxEnabled":true},"in2DMode":false,"pivot":{"x":-3.974212169647217,"y":2.478524684906006,"z":22.640403747558595},"rotation":{"x":0.046787869185209277,"y":0.014377475716173649,"z":-0.0006839663838036358,"w":0.9988166689872742},"size":27.15221405029297,"orthographic":false}